Workbook

Sheet Original Data
A1: Transaction ID | B1: Date | C1: Customer ID | D1: Gender | E1: Age | F1: Product Category | G1: Quantity | H1: Price per Unit | I1: Total Amount
A2: 1 | B2: 45254 | C2: CUST001 | D2: Male | E2: 34 | F2: Beauty | G2: 3 | H2: 50 | I2: 150
A3: 2 | B3: 44984 | C3: CUST002 | D3: Female | E3: 26 | F3: Clothing | G3: 2 | H3: 500 | I3: 1000
A4: 3 | B4: 44939 | C4: CUST003 | D4: Male | E4: 50 | F4: Electronics | G4: 1 | H4: 30 | I4: 30
A5: 4 | B5: 45067 | C5: CUST004 | D5: Male | E5: 37 | F5: Clothing | G5: 1 | H5: 500 | I5: 500
A6: 5 | B6: 45052 | C6: CUST005 | D6: Male | E6: 30 | F6: Beauty | G6: 2 | H6: 50 | I6: 100
A7: 6 | B7: 45041 | C7: CUST006 | D7: Female | E7: 45 | F7: Beauty | G7: 1 | H7: 30 | I7: 30
A8: 7 | B8: 44998 | C8: CUST007 | D8: Male | E8: 46 | F8: Clothing | G8: 2 | H8: 25 | I8: 50
A9: 8 | B9: 44979 | C9: CUST008 | D9: Male | E9: 30 | F9: Electronics | G9: 4 | H9: 25 | I9: 100
A10: 9 | B10: 45273 | C10: CUST009 | D10: Male | E10: 63 | F10: Electronics | G10: 2 | H10: 300 | I10: 600
A11: 10 | B11: 45206 | C11: CUST010 | D11: Female | E11: 52 | F11: Clothing | G11: 4 | H11: 50 | I11: 200
A12: 11 | B12: 44971 | C12: CUST011 | D12: Male | E12: 23 | F12: Clothing | G12: 2 | H12: 50 | I12: 100
A13: 12 | B13: 45229 | C13: CUST012 | D13: Male | E13: 35 | F13: Beauty | G13: 3 | H13: 25 | I13: 75
... A1001: 1000 | B1001: 45028 | C1001: CUST1000 | D1001: Male | E1001: 47 | F1001: Electronics | G1001: 4 | H1001: 30 | I1001: 120
G1002: Total Quantity
D1003: Maximum age | E1003: =MAX(E2:E1001) -> 64 | G1003: =SUM(G2:G1001) -> 2514 | I1003: =SUM(I2:I1001) -> 456000 | J1003: Total sales amount
D1004: Minimum age | E1004: =MIN(E2:E1001) -> 18 | I1004: =AVERAGE(I2:I1001) -> 456 | J1004: Average sales amount
F1005: {=_xlfn.UNIQUE(F2:F1001)} -> Beauty | I1005: =MIN(I2:I1001) -> 25 | J1005: Minimum sales amount
E1006: Unique Product | F1006: Clothing | I1006: =MAX(I2:I1001) -> 2000 | J1006: Maximum sales amount
F1007: Electronics

Sheet Dataset Understanding
A2: Open and Understand the Dataset
A4: 1. How many rows are in the dataset? | B4: 1000 rows
A5: 2. How many columns are in the dataset? | B5: 9 columns
A6: 3. What type of data is stored in the Date column? | B6: Date Format(Date Data Type)
A7: 4. What type of data is stored in the Product Category column? | B7: Categorical(Text/String) data
A8: 5. What type of data is stored in the Total Amount column? | B8: Numeric(Integer) data
A9: 6. What are the unique product categories available in the dataset? | B9: Beauty, Clothing, Electronics using formula=UNIQUE(F2:F1001)
A10: 7. What is the minimum and maximum age of customers? | B10: Minumum age=18 Formula=MIN(E2:E1001)
B11: Maximum age=64 Formula=MAX(E2:E1001)

Sheet Cleaned Data
A1: Transaction ID | B1: Date | C1: Customer ID | D1: Gender | E1: Age | F1: Product Category | G1: Quantity | H1: Price per Unit | I1: Total Amount | J1: Calculated Total | K1: Amount Check
A2: 1 | B2: 45254 | C2: CUST001 | D2: Male | E2: 34 | F2: Beauty | G2: 3 | H2: 50 | I2: 150 | J2: =Table1[[#This Row],[Quantity]]*Table1[[#This Row],[Price per Unit]] -> 150 | K2: =IF(Table1[[#This Row],[Calculated Total]]=Table1[[#This Row],[Total Amount]],"Correct","Check") -> Correct
A3: 2 | B3: 44984 | C3: CUST002 | D3: Female | E3: 26 | F3: Clothing | G3: 2 | H3: 500 | I3: 1000 | J3: =Table1[[#This Row],[Quantity]]*Table1[[#This Row],[Price per Unit]] -> 1000 | K3: =IF(Table1[[#This Row],[Calculated Total]]=Table1[[#This Row],[Total Amount]],"Correct","Check") -> Correct
A4: 3 | B4: 44939 | C4: CUST003 | D4: Male | E4: 50 | F4: Electronics | G4: 1 | H4: 30 | I4: 30 | J4: =Table1[[#This Row],[Quantity]]*Table1[[#This Row],[Price per Unit]] -> 30 | K4: =IF(Table1[[#This Row],[Calculated Total]]=Table1[[#This Row],[Total Amount]],"Correct","Check") -> Correct
A5: 4 | B5: 45067 | C5: CUST004 | D5: Male | E5: 37 | F5: Clothing | G5: 1 | H5: 500 | I5: 500 | J5: =Table1[[#This Row],[Quantity]]*Table1[[#This Row],[Price per Unit]] -> 500 | K5: =IF(Table1[[#This Row],[Calculated Total]]=Table1[[#This Row],[Total Amount]],"Correct","Check") -> Correct
A6: 5 | B6: 45052 | C6: CUST005 | D6: Male | E6: 30 | F6: Beauty | G6: 2 | H6: 50 | I6: 100 | J6: =Table1[[#This Row],[Quantity]]*Table1[[#This Row],[Price per Unit]] -> 100 | K6: =IF(Table1[[#This Row],[Calculated Total]]=Table1[[#This Row],[Total Amount]],"Correct","Check") -> Correct
A7: 6 | B7: 45041 | C7: CUST006 | D7: Female | E7: 45 | F7: Beauty | G7: 1 | H7: 30 | I7: 30 | J7: =Table1[[#This Row],[Quantity]]*Table1[[#This Row],[Price per Unit]] -> 30 | K7: =IF(Table1[[#This Row],[Calculated Total]]=Table1[[#This Row],[Total Amount]],"Correct","Check") -> Correct
A8: 7 | B8: 44998 | C8: CUST007 | D8: Male | E8: 46 | F8: Clothing | G8: 2 | H8: 25 | I8: 50 | J8: =Table1[[#This Row],[Quantity]]*Table1[[#This Row],[Price per Unit]] -> 50 | K8: =IF(Table1[[#This Row],[Calculated Total]]=Table1[[#This Row],[Total Amount]],"Correct","Check") -> Correct
A9: 8 | B9: 44979 | C9: CUST008 | D9: Male | E9: 30 | F9: Electronics | G9: 4 | H9: 25 | I9: 100 | J9: =Table1[[#This Row],[Quantity]]*Table1[[#This Row],[Price per Unit]] -> 100 | K9: =IF(Table1[[#This Row],[Calculated Total]]=Table1[[#This Row],[Total Amount]],"Correct","Check") -> Correct
A10: 9 | B10: 45273 | C10: CUST009 | D10: Male | E10: 63 | F10: Electronics | G10: 2 | H10: 300 | I10: 600 | J10: =Table1[[#This Row],[Quantity]]*Table1[[#This Row],[Price per Unit]] -> 600 | K10: =IF(Table1[[#This Row],[Calculated Total]]=Table1[[#This Row],[Total Amount]],"Correct","Check") -> Correct
A11: 10 | B11: 45206 | C11: CUST010 | D11: Female | E11: 52 | F11: Clothing | G11: 4 | H11: 50 | I11: 200 | J11: =Table1[[#This Row],[Quantity]]*Table1[[#This Row],[Price per Unit]] -> 200 | K11: =IF(Table1[[#This Row],[Calculated Total]]=Table1[[#This Row],[Total Amount]],"Correct","Check") -> Correct
A12: 11 | B12: 44971 | C12: CUST011 | D12: Male | E12: 23 | F12: Clothing | G12: 2 | H12: 50 | I12: 100 | J12: =Table1[[#This Row],[Quantity]]*Table1[[#This Row],[Price per Unit]] -> 100 | K12: =IF(Table1[[#This Row],[Calculated Total]]=Table1[[#This Row],[Total Amount]],"Correct","Check") -> Correct
A13: 12 | B13: 45229 | C13: CUST012 | D13: Male | E13: 35 | F13: Beauty | G13: 3 | H13: 25 | I13: 75 | J13: =Table1[[#This Row],[Quantity]]*Table1[[#This Row],[Price per Unit]] -> 75 | K13: =IF(Table1[[#This Row],[Calculated Total]]=Table1[[#This Row],[Total Amount]],"Correct","Check") -> Correct
... A1001: 1000 | B1001: 45028 | C1001: CUST1000 | D1001: Male | E1001: 47 | F1001: Electronics | G1001: 4 | H1001: 30 | I1001: 120 | J1001: =Table1[[#This Row],[Quantity]]*Table1[[#This Row],[Price per Unit]] -> 120 | K1001: =IF(Table1[[#This Row],[Calculated Total]]=Table1[[#This Row],[Total Amount]],"Correct","Check") -> Correct

Sheet Data Quality Check
C3: Data Quality Check sheet
C5: 1. Are there any blank cells in the dataset? | D5: No blank cells found (verify using Filter/Find)
C6: 2. Are there any duplicate rows? | D6: No duplicate rows found (verify using Remove Duplicates)
C7: 3. Are all values in the Quantity column valid? | D7: Yes, all Quantity values are valid
C8: 4. Are all values in the Price per Unit column valid? | D8: Yes, all Price per Unit values are valid
C9: 5. Does Total Amount match this formula? | D9: Verified using Calculated Total and Amount Check columns
C10: Quantity * Price per Unit

Sheet Basic Analysis
D3: Basic Excel Formulas
D5: Analysis | E5: Result
D6: 1. Total sales amount | E6: =SUM('Cleaned Data'!I2:I1001) -> 456000
D7: 2. Average sales amount | E7: =AVERAGE('Cleaned Data'!I2:I1001) -> 456
D8: 3. Minimum sales amount | E8: =MIN('Cleaned Data'!I2:I1001) -> 25
D9: 4. Maximum sales amount | E9: =MAX('Cleaned Data'!I2:I1001) -> 2000
D10: 5. Total quantity sold | E10: =SUM('Cleaned Data'!G2:G1001) -> 2514
D11: 6. Average customer age | E11: =AVERAGE('Cleaned Data'!E2:E1001) -> 41.392
D12: 7. Youngest customer age | E12: =MIN('Cleaned Data'!E2:E1001) -> 18
D13: 8. Oldest customer age | E13: =MAX('Cleaned Data'!E2:E1001) -> 64
D14: 9. Total number of transactions | E14: =COUNT('Cleaned Data'!A2:A1001) -> 1000
D15: 10. Total number of unique product categories | E15: {=COUNTA(_xlfn.UNIQUE('Cleaned Data'!F2:F1001))} -> 3
C17: Simple Category-Based Analysis
D19: Sales by Product Category
C22: Product Category | D22: Total Sales
C23: Beauty | D23: =SUMIF('Cleaned Data'!F2:F1001,"Beauty",'Cleaned Data'!I2:I1001) -> 143515
C24: Clothing | D24: =SUMIF('Cleaned Data'!F2:F1001,"Clothing",'Cleaned Data'!I2:I1001) -> 155580
C25: Electronics | D25: =SUMIF('Cleaned Data'!F2:F1001,"Electronics",'Cleaned Data'!I2:I1001) -> 156905
D28: Quantity Sold by Product Category
C31: Product Category | D31: Total Quantity Sold
C32: Beauty | D32: =SUMIF('Cleaned Data'!F2:F1001,"Beauty",'Cleaned Data'!G2:G1001) -> 771
C33: Clothing | D33: =SUMIF('Original Data'!F2:F1001,"Clothing",'Original Data'!G2:G1001) -> 894
C34: Electronics | D34: =SUMIF('Original Data'!F2:F1001,"Electronics",'Original Data'!G2:G1001) -> 849
D37: Sales by Gender
C39: Gender | D39: Total Sales
C40: Male | D40: =SUMIF('Cleaned Data'!D2:D1001,"Male",'Cleaned Data'!I2:I1001) -> 223160
C41: Female | D41: =SUMIF('Cleaned Data'!D2:D1001,"Female",'Cleaned Data'!I2:I1001) -> 232840

Sheet Sorting & Filtering Screenshots
C1: Sorting and Filtering
F2: Which transaction has the highest total amount?
F11: Which transaction has the lowest total amount?
F20: Show only transactions where Product Category is Clothing.
F35: Show only transactions where Gender is Female
F44: Show only transactions where Quantity is greater than 2.
F53: Sort the dataset from highest Total Amount to lowest Total Amount.
F63: Sort the dataset from youngest customer to oldest customer.

Sheet Charts
C2: Basic Charts
E3: Bar chart: Total Sales by Product Category
E22: Column chart: Total Quantity Sold by Product Category
E41: Pie chart: Total Sales by Gender

Sheet Observations
C5: Simple Observations
C7: 1-The average customer age is approximately 41 years.
C8: 2-Total number of unique product categories is 3.
C9: 3-The highest transaction amount recorded is 2000.
C10: 4-Customer ages range from 18 years to 64 years.
C11: 5-Electronics generated the highest total sales among all product categories.
